ID,Firstname,Lastname,Location,Department,Function
1,Althea,Klutts,New York,Manager,CEO
2,Hugh,Donelan,New York,Manager,HR Manager
3,Roxie,Clouser,New York,Manager,Business Development Manager
4,Marylou,Lukasiewicz,New York,Marketing,Manager
5,Darren,Faulks,New York,Marketing,Manager
6,Liza,Huhn,New York,Marketing,Assistant
7,Lorrie,Chien,New York,Marketing,Graphist
8,Amie,Francese,New York,Marketing,Webmaster
9,John,Diebold,New York,Marketing,Assistant
10,Erik,Mongeau,New York,Marketing,Assistant
11,Lance,Tomes,New York,Marketing,Assistant
12,Ted,Cheers,New York,Marketing,Assistant
13,Tim,Ocheltree,New York,Marketing,Assistant
14,Cody,Salvia,New York,Sales,Manager
15,Noreen,Kalish,New York,Sales,Manager
16,Allan,Euler,New York,Sales,Salesman
17,Lonnie,Buresh,New York,Sales,Salesman
18,Darryl,Gillon,New York,Sales,Salesman
19,Ted,Eaddy,New York,Sales,Salesman
20,Malinda,Westrick,New York,Sales,Salesman
21,Allan,Dildy,New York,Sales,Salesman
22,Kenya,Moise,New York,Sales,Salesman
23,Rae,Presti,New York,Sales,Salesman
24,Guy,Franson,New York,Sales,Salesman
25,Lakisha,Hesser,New York,Sales,Salesman
26,Milagros,Woodburn,New York,Sales,Salesman
27,Harriett,Minier,New York,Sales,Salesman
28,Ted,Gertz,New York,Sales,Salesman
29,Saundra,Bartsch,New York,Sales,Salesman
30,Julianne,Furry,New York,Sales,Salesman
31,Nelson,Keppler,New York,Sales,Salesman
32,Clayton,Entrekin,New York,Sales,Salesman
33,Allan,Kincannon,New York,Sales,Salesman
34,Sofia,Smoak,New York,Sales,Salesman
35,Lance,Schleich,New York,Sales,Salesman
36,Guy,Kluge,New York,Sales,Salesman
37,Emilia,Victorino,New York,Sales,Salesman
38,Sofia,Arcand,New York,Sales,Salesman
39,Carmella,Schuyler,New York,Sales,Salesman
40,Kathrine,Vrooman,New York,Call Center,Manager
41,Darren,Lesser,New York,Call Center,Support technician
42,Jessie,Thiem,New York,Call Center,Support technician
43,Darren,Wetherell,New York,Call Center,Support technician
44,Hugh,Forcier,New York,Call Center,Support technician
45,Clinton,Murrah,New York,Call Center,Support technician
46,Tanisha,Leggio,New York,Call Center,Support technician
47,Max,Lenton,New York,Call Center,Support technician
48,Max,Amezcua,New York,Call Center,Support technician
49,Ted,Santa,New York,Call Center,Support technician
50,Max,Housand,New York,Call Center,Support technician
51,Ericka,Fermin,New York,Call Center,Support technician
52,Mallory,Koo,New York,Call Center,Support technician
53,Edwina,Deng,New York,IT Department,IT Manager
54,Christian,Antunes,New York,IT Department,Administrator
55,Sofia,Hendrie,New York,IT Department,Network Administrator
56,Chandra,Lassen,New York,IT Department,Database Administrator
57,Jamie,Sumler,New York,IT Department,Technician
58,Lonnie,Mcgonagle,Chicago,Artistic team 1,Team Manager
59,Tyrone,Simerly,Chicago,Artistic team 1,Schedule coordinator
60,Emilia,Orosz,Chicago,Artistic team 1,Performance coordinator
61,Pearlie,Netter,Chicago,Artistic team 1,Nurse
62,Alana,Hilgefort,Chicago,Artistic team 1,Artist
63,Nadine,Joshmith,Chicago,Artistic team 1,Artist
64,Lakisha,Games,Chicago,Artistic team 1,Artist
65,Harriett,Bartle,Chicago,Artistic team 1,Artist
66,Nannie,Buchwald,Chicago,Artistic team 1,Artist
67,Kelly,Neis,Chicago,Artistic team 1,Artist
68,Max,Kinnison,Chicago,Artistic team 1,Artist
69,Darryl,Makela,Chicago,Artistic team 2,Team Manager
70,Christian,Whitelaw,Chicago,Artistic team 2,Schedule coordinator
71,Alana,Hanel,Chicago,Artistic team 2,Performance coordinator
72,Hugh,Colorado,Chicago,Artistic team 2,Nurse
73,Fernando,Defeo,Chicago,Artistic team 2,Artist
74,Clare,Galang,Chicago,Artistic team 2,Artist
75,Julio,Turmelle,Chicago,Artistic team 2,Artist
76,Jamie,Seabury,Chicago,Artistic team 2,Artist
77,Milagros,Speziale,Chicago,Artistic team 2,Artist
78,Noemi,Grizzell,Chicago,Artistic team 2,Artist
79,Julio,Loach,Chicago,Artistic team 2,Artist
80,Clayton,Bregman,Chicago,Artistic team 2,Artist
81,Allan,Retana,Chicago,Artistic team 2,Artist
82,Neil,Crumbley,Chicago,Artistic team 2,Artist
83,Clayton,Jiang,Chicago,Artistic team 2,Artist
84,Lonnie,Haskett,Chicago,Artistic team 3,Team Manager
85,Jerri,Lieser,Chicago,Artistic team 3,Schedule coordinator
86,Jeanie,Radley,Chicago,Artistic team 3,Performance coordinator
87,Erik,Loughran,Chicago,Artistic team 3,Nurse
88,Mathew,Topete,Chicago,Artistic team 3,Artist
89,Allan,Ebinger,Chicago,Artistic team 3,Artist
90,Clinton,Tilman,Chicago,Artistic team 3,Artist
91,Lance,Mceuen,Chicago,Artistic team 3,Artist
92,Erik,Gilcrease,Chicago,Artistic team 3,Artist
93,Ken,Rimb,Chicago,Artistic team 3,Artist
94,Lilia,Withey,Chicago,Artistic team 3,Artist
95,Malinda,Hovland,Chicago,Artistic team 3,Artist
96,Roslyn,Boydston,Chicago,Artistic team 3,Artist
97,Gay,Shkreli,Chicago,Artistic team 3,Artist
98,Kurt,Thon,Chicago,Artistic team 3,Artist
99,Darryl,Urbain,Chicago,Artistic team 4,Team Manager
100,Kurt,Rohan,Chicago,Artistic team 4,Schedule coordinator
101,Carmella,Mcclurkin,Chicago,Artistic team 4,Performance coordinator
102,Earnestine,Moak,Chicago,Artistic team 4,Nurse
103,Althea,Mcmackin,Chicago,Artistic team 4,Artist
104,Jessie,Armstong,Chicago,Artistic team 4,Artist
105,Julianne,Marbury,Chicago,Artistic team 4,Artist
106,Harriett,Geske,Chicago,Artistic team 4,Artist
107,Allan,Maysonet,Chicago,Artistic team 4,Artist
108,Tabatha,Kantz,Chicago,Artistic team 4,Artist
109,Darren,Eddleman,Chicago,Artistic team 4,Artist
110,Gay,Sambrano,Chicago,Artistic team 4,Artist
111,Kathrine,Chalk,Chicago,Artistic team 4,Artist
112,Louisa,Mroz,Chicago,Artistic team 4,Artist
113,Darryl,Roeser,Chicago,Artistic team 4,Artist
114,Clayton,Mummert,Chicago,Artistic team 5,Team Manager
115,Noemi,Hopps,Chicago,Artistic team 5,Schedule coordinator
116,Hugh,Garand,Chicago,Artistic team 5,Performance coordinator
117,Erik,Brittian,Chicago,Artistic team 5,Nurse
118,Guy,Lainez,Chicago,Artistic team 5,Artist
119,Malinda,Selig,Chicago,Artistic team 5,Artist
120,Lance,Mccampbell,Chicago,Artistic team 5,Artist
121,Fernando,Dry,Chicago,Artistic team 5,Artist
122,Tyrone,Penniman,Chicago,Artistic team 5,Artist
123,Ted,Coady,Chicago,Artistic team 5,Artist
124,Pearlie,Westby,Chicago,Artistic team 5,Artist
125,Tabatha,Kitchin,Chicago,Artistic team 5,Artist
126,Max,Lones,Chicago,Artistic team 5,Artist
127,Max,Horak,Chicago,Artistic team 5,Artist
128,Jami,Dahlman,Chicago,Artistic team 5,Artist
129,Chandra,Grogg,Chicago,Artistic team 5,Artist
130,Lance,Shibley,Chicago,Artistic team 5,Artist
131,Tyrone,Shum,Chicago,Artistic team 5,Artist
132,Kurt,Edwin,Chicago,Artistic team 6,Team Manager
133,Darryl,Schreckengost,Chicago,Artistic team 6,Schedule coordinator
134,Margery,Merten,Chicago,Artistic team 6,Performance coordinator
135,Clinton,Stretch,Chicago,Artistic team 6,Nurse
136,Allan,Malsam,Chicago,Artistic team 6,Artist
137,Esmeralda,Saulter,Chicago,Artistic team 6,Artist
138,Tyrone,Shoopman,Chicago,Artistic team 6,Artist
139,Kenya,Ellers,Chicago,Artistic team 6,Artist
140,Ted,Morais,Chicago,Artistic team 6,Artist
141,Julio,Basch,Chicago,Artistic team 6,Artist
142,Alan,Simsons,Chicago,Artistic team 6,Artist
143,Nelson,Uplinger,Chicago,Artistic team 6,Artist
144,Lilia,Quinton,Chicago,Artistic team 6,Artist
145,Tameka,Fluharty,Chicago,Artistic team 6,Artist
146,Erik,Twellman,Chicago,Artistic team 6,Artist
147,Max,Asaro,Chicago,Artistic team 6,Artist
148,Tania,Trevathan,Chicago,Artistic team 6,Artist
149,Darren,Relyea,Los Angeles,Artistic team 1,Team Manager
150,Darren,Barratt,Los Angeles,Artistic team 1,Schedule coordinator
151,Jessie,Burgamy,Los Angeles,Artistic team 1,Performance coordinator
152,Mathew,Allaire,Los Angeles,Artistic team 1,Nurse
153,Clayton,Gulino,Los Angeles,Artistic team 1,Artist
154,Neil,Darosa,Los Angeles,Artistic team 1,Artist
155,Amie,Bonetti,Los Angeles,Artistic team 1,Artist
156,Kurt,Parkes,Los Angeles,Artistic team 1,Artist
157,Christian,Schuh,Los Angeles,Artistic team 1,Artist
158,Althea,Ruppel,Los Angeles,Artistic team 1,Artist
159,Chandra,Agrawal,Los Angeles,Artistic team 1,Artist
160,Clinton,Jardin,Los Angeles,Artistic team 1,Artist
161,Jamie,Kall,Los Angeles,Artistic team 1,Artist
162,Ericka,Zalenski,Los Angeles,Artistic team 1,Artist
163,Lonnie,Molock,Los Angeles,Artistic team 1,Artist
164,Avilla,Alonso,Los Angeles,Artistic team 1,Artist
165,Guy,Rozelle,Los Angeles,Artistic team 1,Artist
166,Malinda,Giel,Los Angeles,Artistic team 1,Artist
167,Kathrine,Tavera,Los Angeles,Artistic team 1,Artist
168,Maricela,Cazarez,Los Angeles,Artistic team 1,Artist
169,Kurt,Prosperie,Los Angeles,Artistic team 2,Team Manager
170,Annabelle,Sabir,Los Angeles,Artistic team 2,Schedule coordinator
171,Elinor,Maziarz,Los Angeles,Artistic team 2,Performance coordinator
172,Clayton,Simser,Los Angeles,Artistic team 2,Nurse
173,Allie,Samet,Los Angeles,Artistic team 2,Artist
174,Tabatha,Trumble,Los Angeles,Artistic team 2,Artist
175,Christian,Goldberger,Los Angeles,Artistic team 2,Artist
176,Elinor,Giuffre,Los Angeles,Artistic team 2,Artist
177,Clayton,Greenblatt,Los Angeles,Artistic team 2,Artist
178,Dona,Bazile,Los Angeles,Artistic team 2,Artist
179,Amie,Gaudin,Los Angeles,Artistic team 2,Artist
180,Zelma,Clyne,Los Angeles,Artistic team 2,Artist
181,Lenore,Grumbles,Los Angeles,Artistic team 2,Artist
182,Elnora,Stayer,Los Angeles,Artistic team 2,Artist
183,Julianne,Lattimer,Los Angeles,Artistic team 2,Artist
184,Rosalinda,Christon,Los Angeles,Artistic team 2,Artist
185,Hugh,Culton,Los Angeles,Artistic team 2,Artist
186,Tyrone,Mcgarvey,Los Angeles,Artistic team 2,Artist
187,Mathew,Zehnder,Los Angeles,Artistic team 2,Artist
188,Julio,Mell,Los Angeles,Artistic team 2,Artist
189,Alana,Wittig,Los Angeles,Artistic team 2,Artist
190,Clinton,Gong,Los Angeles,Artistic team 2,Artist
191,Julio,Eure,Los Angeles,Artistic team 2,Artist
192,Lorrie,Fenderson,Los Angeles,Artistic team 2,Artist
193,Jamie,Brassard,Los Angeles,Artistic team 3,Team Manager
194,Clinton,Montijo,Los Angeles,Artistic team 3,Schedule coordinator
195,Lorrie,Ishii,Los Angeles,Artistic team 3,Performance coordinator
196,Dona,Defreitas,Los Angeles,Artistic team 3,Nurse
197,Darren,Mceachin,Los Angeles,Artistic team 3,Artist
198,Christian,Wrigley,Los Angeles,Artistic team 3,Artist
199,Cody,Laprade,Los Angeles,Artistic team 3,Artist
200,Tania,Blay,Los Angeles,Artistic team 3,Artist
201,Alana,Berkman,Los Angeles,Artistic team 3,Artist
202,Guy,Ladwig,Los Angeles,Artistic team 3,Artist
203,Mallory,Fitzsimons,Los Angeles,Artistic team 3,Artist
204,Javier,Blaze,Los Angeles,Artistic team 3,Artist
205,Kathrine,Roye,Los Angeles,Artistic team 3,Artist
206,Ericka,Hudock,Los Angeles,Artistic team 3,Artist
207,Maricela,Berber,Los Angeles,Artistic team 3,Artist
208,Tameka,Ditullio,Los Angeles,Artistic team 3,Artist
209,Jessie,Malan,Los Angeles,Artistic team 3,Artist
210,Rosalinda,Iversen,Los Angeles,Artistic team 3,Artist
211,Cody,Loesch,Los Angeles,Artistic team 3,Artist
212,Annabelle,Mccarron,Los Angeles,Artistic team 3,Artist
213,Carlene,Delamater,Los Angeles,Artistic team 3,Artist
214,Javier,Poppe,Los Angeles,Artistic team 3,Artist
215,Lance,Sevier,Los Angeles,Artistic team 3,Artist
216,Lilia,Chea,Los Angeles,Artistic team 3,Artist
217,Clinton,Alvord,Los Angeles,Artistic team 3,Artist
218,Nelson,Avey,Los Angeles,Artistic team 4,Team Manager
219,Darryl,Cannaday,Los Angeles,Artistic team 4,Schedule coordinator
220,Tia,Walquist,Los Angeles,Artistic team 4,Performance coordinator
221,Ashlee,Wilkenson,Los Angeles,Artistic team 4,Nurse
222,Clayton,Mcmartin,Los Angeles,Artistic team 4,Artist
223,Milagros,Poucher,Los Angeles,Artistic team 4,Artist
224,Dona,Tancredi,Los Angeles,Artistic team 4,Artist
225,Marylou,Pelc,Los Angeles,Artistic team 4,Artist
226,Jerri,Ryland,Los Angeles,Artistic team 4,Artist
227,Fernando,Lisi,Los Angeles,Artistic team 4,Artist
228,Noreen,Pulice,Los Angeles,Artistic team 4,Artist
229,Kelly,Foushee,Los Angeles,Artistic team 4,Artist
230,Maricela,Holdridge,Los Angeles,Artistic team 4,Artist
231,Mallory,Lis,Los Angeles,Artistic team 4,Artist
232,Erik,Pusey,Los Angeles,Artistic team 4,Artist
233,Avis,Steinfeld,Los Angeles,Artistic team 4,Artist
234,Jamie,Lady,Los Angeles,Artistic team 4,Artist
235,Lonnie,Guiney,Los Angeles,Artistic team 4,Artist
236,Hugh,Bourgault,Los Angeles,Artistic team 4,Artist
237,Ericka,Cutchin,Los Angeles,Artistic team 4,Artist
238,Fernando,Patt,Los Angeles,Artistic team 4,Artist
239,Christian,Wineinger,Los Angeles,Artistic team 5,Team Manager
240,Nelson,Anstett,Los Angeles,Artistic team 5,Schedule coordinator
241,Althea,Nowacki,Los Angeles,Artistic team 5,Performance coordinator
242,Nita,Hocker,Los Angeles,Artistic team 5,Nurse
243,Guy,Helsel,Los Angeles,Artistic team 5,Artist
244,Annabelle,Ye,Los Angeles,Artistic team 5,Artist
245,Milagros,Taulbee,Los Angeles,Artistic team 5,Artist
246,Jamie,Celaya,Los Angeles,Artistic team 5,Artist
247,Julio,Cashin,Los Angeles,Artistic team 5,Artist
248,Hugh,Ishmael,Los Angeles,Artistic team 5,Artist
249,Fernando,Seekins,Los Angeles,Artistic team 5,Artist
250,Clayton,Lotts,Los Angeles,Artistic team 5,Artist
251,Earlene,Cangelosi,Los Angeles,Artistic team 5,Artist
252,Lonnie,Easterday,Los Angeles,Artistic team 5,Artist
253,Darren,Lones,Los Angeles,Artistic team 5,Artist
254,Julio,Horstmann,Los Angeles,Artistic team 5,Artist
255,Annabelle,Nicastro,Los Angeles,Artistic team 5,Artist
256,Fernando,Kealey,Los Angeles,Artistic team 5,Artist
257,Jessie,Barsh,Los Angeles,Artistic team 5,Artist
258,Darren,Glad,Los Angeles,Artistic team 5,Artist
259,Mathew,Filice,Los Angeles,Artistic team 5,Artist
260,Neil,Breed,Los Angeles,Artistic team 5,Artist
261,Nannie,Wikoff,Los Angeles,Artistic team 5,Artist
262,Milagros,Pan,Los Angeles,Artistic team 5,Artist
263,Ashlee,Gath,Los Angeles,Artistic team 5,Artist
264,Kurt,Knapik,Los Angeles,Artistic team 5,Artist
265,Milton,Stedman,Los Angeles,Artistic team 5,Artist
266,Serena,Hysell,Los Angeles,Artistic team 6,Team Manager
267,Nita,Fling,Los Angeles,Artistic team 6,Schedule coordinator
268,Eve,Voris,Los Angeles,Artistic team 6,Performance coordinator
269,Lonnie,Kloster,Los Angeles,Artistic team 6,Nurse
270,Mathew,Boysen,Los Angeles,Artistic team 6,Artist
271,Darryl,Bellard,Los Angeles,Artistic team 6,Artist
272,Guy,Span,Los Angeles,Artistic team 6,Artist
273,Dona,Captain,Los Angeles,Artistic team 6,Artist
274,Mathew,Sprayberry,Los Angeles,Artistic team 6,Artist
275,Kurt,Sliwa,Los Angeles,Artistic team 6,Artist
276,Tania,Kruckeberg,Los Angeles,Artistic team 6,Artist
277,Guy,Homeyer,Los Angeles,Artistic team 6,Artist
278,Esmeralda,Shkreli,Los Angeles,Artistic team 6,Artist
279,Rosalinda,Mullikin,Los Angeles,Artistic team 6,Artist
280,Nita,Mogensen,Los Angeles,Artistic team 6,Artist
281,Kurt,Dirks,Los Angeles,Artistic team 6,Artist
282,Lakisha,Rast,Los Angeles,Artistic team 6,Artist
283,Lonnie,Gadison,Los Angeles,Artistic team 6,Artist
284,Mathew,Fuss,Los Angeles,Artistic team 6,Artist
285,Hillary,Hilty,Los Angeles,Artistic team 6,Artist
286,Mathew,Deak,Los Angeles,Artistic team 6,Artist
287,Neil,Edling,Los Angeles,Artistic team 6,Artist
288,Neil,Lukach,Los Angeles,Artistic team 7,Team Manager
289,Darren,Valade,Los Angeles,Artistic team 7,Schedule coordinator
290,Neil,Pawlik,Los Angeles,Artistic team 7,Performance coordinator
291,Nannie,Zalewski,Los Angeles,Artistic team 7,Nurse
292,Avis,Glance,Los Angeles,Artistic team 7,Artist
293,Lance,Tea,Los Angeles,Artistic team 7,Artist
294,Lilia,Farnan,Los Angeles,Artistic team 7,Artist
295,Erik,Holleman,Los Angeles,Artistic team 7,Artist
296,Clayton,Hipsher,Los Angeles,Artistic team 7,Artist
297,Gay,Difalco,Los Angeles,Artistic team 7,Artist
298,Jeanie,Klock,Los Angeles,Artistic team 7,Artist
299,Jessie,Severt,Los Angeles,Artistic team 8,Team Manager
300,Zelma,Moffat,Los Angeles,Artistic team 8,Schedule coordinator
301,Jessie,Siders,Los Angeles,Artistic team 8,Performance coordinator
302,Pearlie,Mosca,Los Angeles,Artistic team 8,Nurse
303,Eve,Suddeth,Los Angeles,Artistic team 8,Artist
304,Mathew,Foxx,Los Angeles,Artistic team 8,Artist
305,Selena,Montufar,Los Angeles,Artistic team 8,Artist
306,Ted,Mutch,Los Angeles,Artistic team 8,Artist
307,Althea,Encinas,Los Angeles,Artistic team 8,Artist
308,Fernando,Folkers,Los Angeles,Artistic team 8,Artist
309,Carlene,Cryer,Los Angeles,Artistic team 8,Artist
310,Darren,Pesina,Los Angeles,Artistic team 8,Artist
311,Darren,Relyea,Los Angeles,Artistic team 8,Artist
312,Darren,Antle,Los Angeles,Artistic team 8,Artist
313,Fernando,Haggins,Los Angeles,Artistic team 8,Artist
314,Liza,Jeanes,Los Angeles,Artistic team 8,Artist
315,Nannie,Jacox,Los Angeles,Artistic team 8,Artist
316,Zelma,Lefkowitz,Los Angeles,Artistic team 8,Artist
317,Ted,Vetrano,Los Angeles,Artistic team 8,Artist
318,Carmella,Sok,Los Angeles,Artistic team 8,Artist
319,Ashlee,Marchal,Los Angeles,Artistic team 8,Artist
320,Julio,Steinhauer,Los Angeles,Artistic team 8,Artist
321,Avis,Shawn,Los Angeles,Artistic team 8,Artist
322,Serena,Randel,Los Angeles,Los Angeles Management,Local HR Manager
323,Pearlie,Slawson,Los Angeles,Los Angeles Management,Performance Manager
324,Sofia,Farone,Los Angeles,Los Angeles Management,Schedule Manager
325,Noemi,Dartez,Los Angeles,Los Angeles Management,Nurse Department Manager
326,Saundra,Ferron,Los Angeles,Los Angeles Management,Local Manager
327,Mathew,Barren,Los Angeles,Los Angeles Management,Assistant
328,Victoria,Williams,Chicago,Chicago Management,Local HR Manager
329,Peach,Haris,Chicago,Chicago Management,Performance Manager
330,Sofita,Calzone,Chicago,Chicago Management,Schedule Manager
331,Tamara,Perez,Chicago,Chicago Management,Nurse Department Manager
332,Sarah,Zao,Chicago,Chicago Management,Local Manager
333,Joey,Harold,Chicago,Chicago Management,Assistant
